kickoff_time,team_id,team_difficulty,team,team_difficulty_avg_next_5
2024-08-17,1,2,Arsenal,3.4
2024-08-24,1,4,Arsenal,3
2024-08-31,1,2,Arsenal,3
2024-09-15,1,4,Arsenal,3
2024-09-22,1,5,Arsenal,2.8
2024-09-28,1,2,Arsenal,3.2
2024-10-05,1,2,Arsenal,3.2
2024-10-19,1,2,Arsenal,3.2
2024-10-26,1,4,Arsenal,3
2024-11-02,1,4,Arsenal,2.8
2024-11-09,1,4,Arsenal,2.4
2024-11-23,1,2,Arsenal,2.6
2024-11-30,1,2,Arsenal,2.6
2024-12-03,1,3,Arsenal,2.4
2024-12-07,1,3,Arsenal,2.2
2024-12-14,1,2,Arsenal,2.4
2024-12-21,1,3,Arsenal,2.4
2024-12-26,1,2,Arsenal,2.4
2024-12-29,1,2,Arsenal,3
2025-01-04,1,2,Arsenal,3
2025-01-14,1,3,Arsenal,2.8
2025-01-18,1,3,Arsenal,2.6
2025-01-25,1,2,Arsenal,2.8
2025-02-01,1,5,Arsenal,2.4
2025-02-15,1,2,Arsenal,2.4
2025-02-22,1,2,Arsenal,2.6
2025-02-25,1,2,Arsenal,2.6
2025-03-08,1,3,Arsenal,2.4
2025-03-15,1,3,Arsenal,2.2
2025-04-01,1,2,Arsenal,2.2
2025-04-05,1,3,Arsenal,2.6
2025-04-12,1,2,Arsenal,2.8
2025-04-19,1,2,Arsenal,2.8
2025-04-26,1,2,Arsenal,3
2025-05-03,1,2,Arsenal,3.3333333333333335
2025-05-10,1,5,Arsenal,2.5
2025-05-18,1,3,Arsenal,2
2025-05-25,1,2,Arsenal,2
2024-08-17,2,2,Aston Villa,2.6
2024-08-24,2,5,Aston Villa,2.2
2024-08-31,2,2,Aston Villa,2.4
2024-09-14,2,2,Aston Villa,2.4
2024-09-21,2,2,Aston Villa,2.8
2024-09-29,2,2,Aston Villa,3.4
2024-10-05,2,3,Aston Villa,3.2
2024-10-19,2,3,Aston Villa,3.4
2024-10-26,2,2,Aston Villa,3.4
2024-11-02,2,4,Aston Villa,3
2024-11-09,2,5,Aston Villa,2.4
2024-11-23,2,2,Aston Villa,3
2024-11-30,2,4,Aston Villa,3
2024-12-03,2,2,Aston Villa,3
2024-12-07,2,2,Aston Villa,3
2024-12-14,2,2,Aston Villa,3.2
2024-12-21,2,5,Aston Villa,3.2
2024-12-26,2,4,Aston Villa,2.8
2024-12-29,2,2,Aston Villa,2.8
2025-01-04,2,2,Aston Villa,2.8
2025-01-14,2,3,Aston Villa,2.8
2025-01-18,2,5,Aston Villa,2.4
2025-01-25,2,2,Aston Villa,2.4
2025-02-01,2,2,Aston Villa,2.8
2025-02-15,2,2,Aston Villa,2.8
2025-02-22,2,3,Aston Villa,2.6
2025-02-25,2,3,Aston Villa,2.4
2025-03-08,2,2,Aston Villa,2.6
2025-03-15,2,4,Aston Villa,2.8
2025-04-01,2,2,Aston Villa,2.8
2025-04-05,2,2,Aston Villa,2.8
2025-04-12,2,2,Aston Villa,3
2025-04-19,2,3,Aston Villa,3
2025-04-26,2,5,Aston Villa,2.5
2025-05-03,2,2,Aston Villa,2.6666666666666665
2025-05-10,2,2,Aston Villa,3
2025-05-18,2,3,Aston Villa,3
2025-05-25,2,3,Aston Villa,3
2024-08-17,3,2,Bournemouth,3.2
2024-08-25,3,3,Bournemouth,3
2024-08-31,3,3,Bournemouth,3.4
2024-09-14,3,3,Bournemouth,3.6
2024-09-21,3,5,Bournemouth,3.6
2024-09-30,3,2,Bournemouth,3.6
2024-10-05,3,2,Bournemouth,3.6
2024-10-19,3,5,Bournemouth,3
2024-10-26,3,4,Bournemouth,2.8
2024-11-02,3,5,Bournemouth,2.2
2024-11-09,3,2,Bournemouth,2.2
2024-11-23,3,2,Bournemouth,2.4
2024-11-30,3,2,Bournemouth,2.4
2024-12-03,3,3,Bournemouth,2.4
2024-12-07,3,2,Bournemouth,2.4
2024-12-14,3,2,Bournemouth,2.8
2024-12-21,3,3,Bournemouth,3
2024-12-26,3,2,Bournemouth,3
2024-12-29,3,3,Bournemouth,3.2
2025-01-04,3,2,Bournemouth,3.2
2025-01-15,3,4,Bournemouth,2.8
2025-01-18,3,4,Bournemouth,2.4
2025-01-25,3,2,Bournemouth,2.8
2025-02-01,3,4,Bournemouth,2.4
2025-02-15,3,2,Bournemouth,2.4
2025-02-22,3,2,Bournemouth,2.4
2025-02-25,3,2,Bournemouth,2.4
2025-03-08,3,4,Bournemouth,2.2
2025-03-15,3,2,Bournemouth,2.4
2025-04-01,3,2,Bournemouth,3
2025-04-05,3,2,Bournemouth,3.2
2025-04-12,3,2,Bournemouth,3.8
2025-04-19,3,3,Bournemouth,3.6
2025-04-26,3,3,Bournemouth,3.75
2025-05-03,3,5,Bournemouth,3.3333333333333335
2025-05-10,3,3,Bournemouth,3.5
2025-05-18,3,5,Bournemouth,2
2025-05-25,3,2,Bournemouth,2
2024-08-18,4,2,Brentford,3.6
2024-08-25,4,5,Brentford,3
2024-08-31,4,2,Brentford,3.2
2024-09-14,4,5,Brentford,2.6
2024-09-21,4,4,Brentford,2.4
2024-09-28,4,2,Brentford,2.4
2024-10-05,4,2,Brentford,2.6
2024-10-19,4,3,Brentford,2.4
2024-10-26,4,2,Brentford,2.8
2024-11-02,4,3,Brentford,2.8
2024-11-09,4,2,Brentford,3.2
2024-11-23,4,3,Brentford,3
2024-11-30,4,2,Brentford,3
2024-12-03,4,4,Brentford,3.2
2024-12-07,4,3,Brentford,3
2024-12-14,4,4,Brentford,3.2
2024-12-21,4,2,Brentford,3.6
2024-12-26,4,2,Brentford,3.8
2024-12-29,4,5,Brentford,3.4
2025-01-04,4,2,Brentford,3.4
2025-01-14,4,5,Brentford,2.8
2025-01-18,4,4,Brentford,2.4
2025-01-25,4,3,Brentford,2.4
2025-02-01,4,3,Brentford,2.2
2025-02-15,4,2,Brentford,2.6
2025-02-22,4,2,Brentford,2.8
2025-02-25,4,2,Brentford,3.4
2025-03-08,4,3,Brentford,3.2
2025-03-15,4,2,Brentford,3.2
2025-04-02,4,4,Brentford,3
2025-04-05,4,3,Brentford,2.8
2025-04-12,4,5,Brentford,2.2
2025-04-19,4,2,Brentford,2.2
2025-04-26,4,2,Brentford,2.25
2025-05-03,4,3,Brentford,2
2025-05-10,4,2,Brentford,2
2025-05-18,4,2,Brentford,2
2025-05-25,4,2,Brentford,2
2024-08-17,5,3,Brighton,3.2
2024-08-24,5,3,Brighton,3.2
2024-08-31,5,5,Brighton,3
2024-09-14,5,2,Brighton,3
2024-09-22,5,2,Brighton,3.6
2024-09-28,5,4,Brighton,3.8
2024-10-05,5,3,Brighton,3.6
2024-10-19,5,4,Brighton,3.2
2024-10-26,5,2,Brighton,3.4
2024-11-02,5,5,Brighton,2.8
2024-11-09,5,5,Brighton,2.2
2024-11-23,5,2,Brighton,2.2
2024-11-30,5,2,Brighton,2.2
2024-12-03,5,3,Brighton,2.4
2024-12-07,5,2,Brighton,3
2024-12-14,5,2,Brighton,3
2024-12-21,5,2,Brighton,3.2
2024-12-26,5,2,Brighton,3.2
2024-12-29,5,4,Brighton,2.8
2025-01-04,5,5,Brighton,2.4
2025-01-14,5,2,Brighton,2.4
2025-01-18,5,3,Brighton,2.2
2025-01-25,5,2,Brighton,2.2
2025-02-01,5,2,Brighton,2.8
2025-02-15,5,3,Brighton,2.8
2025-02-22,5,2,Brighton,3
2025-02-25,5,2,Brighton,3
2025-03-08,5,2,Brighton,3
2025-03-15,5,5,Brighton,2.4
2025-04-01,5,3,Brighton,2.4
2025-04-05,5,3,Brighton,2.2
2025-04-12,5,2,Brighton,2.6
2025-04-19,5,2,Brighton,3
2025-04-26,5,2,Brighton,3.25
2025-05-03,5,3,Brighton,3.3333333333333335
2025-05-10,5,2,Brighton,4
2025-05-18,5,4,Brighton,4
2025-05-25,5,4,Brighton,4
2024-08-18,6,5,Chelsea,2
2024-08-25,6,2,Chelsea,2
2024-09-01,6,2,Chelsea,2.6
2024-09-14,6,2,Chelsea,2.8
2024-09-21,6,2,Chelsea,3
2024-09-28,6,2,Chelsea,3.6
2024-10-05,6,2,Chelsea,3.6
2024-10-19,6,5,Chelsea,3.2
2024-10-26,6,3,Chelsea,3
2024-11-02,6,3,Chelsea,3.2
2024-11-09,6,5,Chelsea,2.6
2024-11-23,6,2,Chelsea,2.8
2024-11-30,6,3,Chelsea,2.6
2024-12-04,6,2,Chelsea,2.6
2024-12-07,6,4,Chelsea,2.4
2024-12-14,6,2,Chelsea,2.4
2024-12-21,6,3,Chelsea,2.2
2024-12-26,6,2,Chelsea,2.8
2024-12-29,6,2,Chelsea,2.8
2025-01-04,6,3,Chelsea,2.6
2025-01-15,6,2,Chelsea,3
2025-01-18,6,2,Chelsea,3
2025-01-25,6,5,Chelsea,2.4
2025-02-01,6,2,Chelsea,3
2025-02-15,6,2,Chelsea,3.2
2025-02-22,6,4,Chelsea,2.8
2025-02-26,6,2,Chelsea,2.8
2025-03-08,6,2,Chelsea,3
2025-03-15,6,5,Chelsea,2.4
2025-04-02,6,3,Chelsea,2.6
2025-04-05,6,2,Chelsea,3
2025-04-12,6,2,Chelsea,3.2
2025-04-19,6,3,Chelsea,3
2025-04-26,6,2,Chelsea,3.25
2025-05-03,6,4,Chelsea,3
2025-05-10,6,4,Chelsea,2.5
2025-05-18,6,3,Chelsea,2
2025-05-25,6,2,Chelsea,2
2024-08-18,7,2,Crystal Palace,2.8
2024-08-24,7,2,Crystal Palace,3.2
2024-09-01,7,4,Crystal Palace,2.8
2024-09-14,7,2,Crystal Palace,3
2024-09-21,7,3,Crystal Palace,2.8
2024-09-28,7,3,Crystal Palace,2.6
2024-10-05,7,4,Crystal Palace,2.6
2024-10-19,7,2,Crystal Palace,2.8
2024-10-26,7,3,Crystal Palace,2.6
2024-11-02,7,2,Crystal Palace,3.2
2024-11-09,7,2,Crystal Palace,3.2
2024-11-23,7,4,Crystal Palace,3.4
2024-11-30,7,3,Crystal Palace,3.2
2024-12-03,7,2,Crystal Palace,3.2
2024-12-07,7,5,Crystal Palace,2.8
2024-12-14,7,2,Crystal Palace,2.8
2024-12-21,7,5,Crystal Palace,2.2
2024-12-26,7,2,Crystal Palace,2.2
2024-12-29,7,2,Crystal Palace,2.4
2025-01-04,7,3,Crystal Palace,2.2
2025-01-14,7,2,Crystal Palace,2.4
2025-01-18,7,2,Crystal Palace,2.6
2025-01-25,7,2,Crystal Palace,2.6
2025-02-01,7,3,Crystal Palace,2.8
2025-02-15,7,2,Crystal Palace,2.8
2025-02-22,7,3,Crystal Palace,2.6
2025-02-25,7,3,Crystal Palace,3
2025-03-08,7,2,Crystal Palace,3
2025-03-15,7,4,Crystal Palace,3.2
2025-04-02,7,2,Crystal Palace,3.2
2025-04-05,7,2,Crystal Palace,3.6
2025-04-12,7,5,Crystal Palace,3
2025-04-19,7,2,Crystal Palace,3.6
2025-04-26,7,5,Crystal Palace,3.25
2025-05-03,7,2,Crystal Palace,3.6666666666666665
2025-05-10,7,4,Crystal Palace,3.5
2025-05-18,7,2,Crystal Palace,5
2025-05-25,7,5,Crystal Palace,5
2024-08-17,8,2,Everton,2.8
2024-08-24,8,4,Everton,2.6
2024-08-31,8,2,Everton,2.6
2024-09-14,8,4,Everton,2.2
2024-09-21,8,2,Everton,2.2
2024-09-28,8,2,Everton,2.2
2024-10-05,8,3,Everton,2
2024-10-19,8,2,Everton,2.2
2024-10-26,8,2,Everton,2.2
2024-11-02,8,2,Everton,2.6
2024-11-09,8,2,Everton,3.2
2024-11-23,8,2,Everton,3.4
2024-11-30,8,3,Everton,3.8
2024-12-03,8,2,Everton,3.8
2024-12-07,8,4,Everton,3.4
2024-12-14,8,5,Everton,3
2024-12-21,8,3,Everton,3
2024-12-26,8,5,Everton,2.4
2024-12-29,8,2,Everton,2.4
2025-01-04,8,2,Everton,2.6
2025-01-14,8,3,Everton,2.6
2025-01-18,8,3,Everton,2.4
2025-01-25,8,2,Everton,2.4
2025-02-01,8,2,Everton,2.4
2025-02-15,8,3,Everton,2.8
2025-02-22,8,3,Everton,3.2
2025-02-25,8,2,Everton,3.2
2025-03-08,8,2,Everton,3.8
2025-03-15,8,2,Everton,4.2
2025-04-02,8,5,Everton,3.6
2025-04-05,8,5,Everton,3.2
2025-04-12,8,2,Everton,3.2
2025-04-19,8,5,Everton,3
2025-04-26,8,4,Everton,2.75
2025-05-03,8,2,Everton,3
2025-05-10,8,3,Everton,3
2025-05-18,8,2,Everton,4
2025-05-25,8,4,Everton,4
2024-08-16,9,3,Fulham,2.2
2024-08-24,9,2,Fulham,2.8
2024-08-31,9,2,Fulham,3
2024-09-14,9,2,Fulham,3.2
2024-09-21,9,3,Fulham,3
2024-09-28,9,2,Fulham,3.2
2024-10-05,9,5,Fulham,2.6
2024-10-19,9,3,Fulham,2.8
2024-10-26,9,3,Fulham,2.6
2024-11-02,9,2,Fulham,3.2
2024-11-09,9,3,Fulham,3.6
2024-11-23,9,2,Fulham,3.6
2024-11-30,9,4,Fulham,3.6
2024-12-03,9,2,Fulham,3.6
2024-12-07,9,5,Fulham,3
2024-12-14,9,5,Fulham,2.4
2024-12-21,9,2,Fulham,2.4
2024-12-26,9,4,Fulham,2.2
2024-12-29,9,2,Fulham,2.6
2025-01-04,9,2,Fulham,2.6
2025-01-14,9,2,Fulham,2.6
2025-01-18,9,2,Fulham,2.6
2025-01-25,9,3,Fulham,2.4
2025-02-01,9,4,Fulham,2.2
2025-02-15,9,2,Fulham,2.8
2025-02-22,9,2,Fulham,3.2
2025-02-25,9,2,Fulham,3.2
2025-03-08,9,2,Fulham,3.4
2025-03-15,9,3,Fulham,3.2
2025-04-01,9,5,Fulham,3
2025-04-05,9,4,Fulham,2.6
2025-04-12,9,2,Fulham,2.6
2025-04-19,9,3,Fulham,3
2025-04-26,9,2,Fulham,3.25
2025-05-03,9,4,Fulham,3
2025-05-10,9,2,Fulham,3.5
2025-05-18,9,2,Fulham,5
2025-05-25,9,5,Fulham,5
2024-08-17,10,4,Ipswich,2.8
2024-08-24,10,5,Ipswich,2.2
2024-08-31,10,2,Ipswich,2.2
2024-09-14,10,2,Ipswich,2.2
2024-09-21,10,2,Ipswich,2.2
2024-09-29,10,3,Ipswich,2.4
2024-10-05,10,2,Ipswich,2.6
2024-10-19,10,2,Ipswich,2.6
2024-10-26,10,2,Ipswich,2.6
2024-11-02,10,2,Ipswich,2.6
2024-11-09,10,4,Ipswich,2.2
2024-11-23,10,3,Ipswich,2.2
2024-11-30,10,2,Ipswich,2.8
2024-12-03,10,2,Ipswich,3
2024-12-07,10,2,Ipswich,3.2
2024-12-14,10,2,Ipswich,3.2
2024-12-21,10,3,Ipswich,3.6
2024-12-26,10,5,Ipswich,3.6
2024-12-29,10,3,Ipswich,3.4
2025-01-04,10,3,Ipswich,3.6
2025-01-14,10,2,Ipswich,3.8
2025-01-18,10,5,Ipswich,3.4
2025-01-25,10,5,Ipswich,3
2025-02-01,10,2,Ipswich,3
2025-02-15,10,4,Ipswich,2.6
2025-02-22,10,3,Ipswich,2.4
2025-02-26,10,3,Ipswich,2.6
2025-03-08,10,3,Ipswich,3
2025-03-15,10,2,Ipswich,3.4
2025-04-01,10,2,Ipswich,3.6
2025-04-05,10,2,Ipswich,3.6
2025-04-12,10,4,Ipswich,3.2
2025-04-19,10,5,Ipswich,2.6
2025-04-26,10,4,Ipswich,2.25
2025-05-03,10,3,Ipswich,2
2025-05-10,10,2,Ipswich,2
2025-05-18,10,2,Ipswich,2
2025-05-25,10,2,Ipswich,2
2024-08-19,11,3,Leicester,3.2
2024-08-24,11,3,Leicester,3
2024-08-31,11,3,Leicester,2.8
2024-09-14,11,3,Leicester,2.6
2024-09-21,11,2,Leicester,2.6
2024-09-28,11,5,Leicester,2.2
2024-10-05,11,2,Leicester,2.4
2024-10-19,11,2,Leicester,2.4
2024-10-26,11,2,Leicester,2.4
2024-11-02,11,2,Leicester,2.4
2024-11-09,11,3,Leicester,2.6
2024-11-23,11,3,Leicester,2.4
2024-11-30,11,2,Leicester,3
2024-12-03,11,2,Leicester,3.6
2024-12-07,11,2,Leicester,4
2024-12-14,11,4,Leicester,3.6
2024-12-21,11,2,Leicester,3.6
2024-12-26,11,5,Leicester,3.4
2024-12-29,11,5,Leicester,3
2025-01-04,11,4,Leicester,3.2
2025-01-14,11,2,Leicester,3.2
2025-01-18,11,2,Leicester,3.2
2025-01-25,11,4,Leicester,3.2
2025-02-01,11,3,Leicester,3.2
2025-02-15,11,5,Leicester,3.2
2025-02-22,11,2,Leicester,3.4
2025-02-25,11,2,Leicester,3.4
2025-03-08,11,4,Leicester,3.4
2025-03-15,11,3,Leicester,3.2
2025-04-02,11,5,Leicester,2.6
2025-04-05,11,3,Leicester,2.4
2025-04-12,11,2,Leicester,2.4
2025-04-19,11,4,Leicester,2
2025-04-26,11,2,Leicester,2
2025-05-03,11,2,Leicester,2
2025-05-10,11,2,Leicester,2
2025-05-18,11,2,Leicester,2
2025-05-25,11,2,Leicester,2
2024-08-17,12,2,Liverpool,2.2
2024-08-25,12,2,Liverpool,2.4
2024-09-01,12,3,Liverpool,2.4
2024-09-14,12,2,Liverpool,3
2024-09-21,12,2,Liverpool,3
2024-09-28,12,2,Liverpool,3.2
2024-10-05,12,3,Liverpool,3
2024-10-19,12,3,Liverpool,3.4
2024-10-26,12,5,Liverpool,3.2
2024-11-02,12,2,Liverpool,3.4
2024-11-09,12,3,Liverpool,3.2
2024-11-23,12,2,Liverpool,3.6
2024-11-30,12,5,Liverpool,3
2024-12-04,12,4,Liverpool,2.6
2024-12-07,12,3,Liverpool,2.6
2024-12-14,12,2,Liverpool,2.6
2024-12-21,12,4,Liverpool,2.2
2024-12-26,12,2,Liverpool,2.2
2024-12-29,12,2,Liverpool,2.2
2025-01-04,12,3,Liverpool,2
2025-01-14,12,2,Liverpool,2.6
2025-01-18,12,2,Liverpool,2.8
2025-01-25,12,2,Liverpool,2.8
2025-02-01,12,2,Liverpool,3.2
2025-02-15,12,2,Liverpool,3.2
2025-02-22,12,5,Liverpool,2.8
2025-02-26,12,3,Liverpool,2.6
2025-03-08,12,2,Liverpool,2.6
2025-03-15,12,4,Liverpool,2.4
2025-04-02,12,2,Liverpool,2.8
2025-04-05,12,3,Liverpool,3.2
2025-04-12,12,2,Liverpool,3.2
2025-04-19,12,2,Liverpool,3.2
2025-04-26,12,3,Liverpool,3.25
2025-05-03,12,4,Liverpool,3
2025-05-10,12,5,Liverpool,2
2025-05-18,12,2,Liverpool,2
2025-05-25,12,2,Liverpool,2
2024-08-18,13,4,Man City,3
2024-08-24,13,2,Man City,3
2024-08-31,13,2,Man City,3
2024-09-14,13,2,Man City,3
2024-09-22,13,5,Man City,2.4
2024-09-28,13,4,Man City,2
2024-10-05,13,2,Man City,2.2
2024-10-19,13,2,Man City,2.8
2024-10-26,13,2,Man City,2.8
2024-11-02,13,2,Man City,3
2024-11-09,13,2,Man City,3.2
2024-11-23,13,3,Man City,3.4
2024-11-30,13,5,Man City,2.8
2024-12-04,13,2,Man City,2.8
2024-12-07,13,3,Man City,2.6
2024-12-14,13,3,Man City,2.4
2024-12-21,13,4,Man City,2
2024-12-26,13,2,Man City,2.2
2024-12-29,13,2,Man City,2.8
2025-01-04,13,2,Man City,3
2025-01-14,13,2,Man City,3.4
2025-01-18,13,2,Man City,3.8
2025-01-25,13,3,Man City,3.6
2025-02-01,13,5,Man City,3
2025-02-15,13,3,Man City,2.8
2025-02-22,13,4,Man City,2.6
2025-02-25,13,4,Man City,2.2
2025-03-08,13,2,Man City,2.4
2025-03-15,13,2,Man City,2.6
2025-04-02,13,2,Man City,2.6
2025-04-05,13,3,Man City,2.4
2025-04-12,13,2,Man City,2.4
2025-04-19,13,3,Man City,2.4
2025-04-26,13,3,Man City,2.25
2025-05-03,13,2,Man City,2.3333333333333335
2025-05-10,13,2,Man City,2.5
2025-05-18,13,2,Man City,3
2025-05-25,13,3,Man City,3
2024-08-16,14,2,Man Utd,2.8
2024-08-24,14,2,Man Utd,3.2
2024-09-01,14,4,Man Utd,2.8
2024-09-14,14,2,Man Utd,2.8
2024-09-21,14,3,Man Utd,2.8
2024-09-29,14,3,Man Utd,2.6
2024-10-05,14,4,Man Utd,2.2
2024-10-19,14,2,Man Utd,2.2
2024-10-26,14,2,Man Utd,2.8
2024-11-02,14,3,Man Utd,2.6
2024-11-09,14,2,Man Utd,3.2
2024-11-23,14,2,Man Utd,3.2
2024-11-30,14,2,Man Utd,3.2
2024-12-03,14,5,Man Utd,2.8
2024-12-07,14,2,Man Utd,3.4
2024-12-14,14,5,Man Utd,2.8
2024-12-21,14,2,Man Utd,2.8
2024-12-26,14,2,Man Utd,3
2024-12-29,14,3,Man Utd,2.8
2025-01-04,14,5,Man Utd,2.6
2025-01-15,14,2,Man Utd,2.8
2025-01-18,14,2,Man Utd,2.8
2025-01-25,14,3,Man Utd,3.2
2025-02-01,14,2,Man Utd,3.2
2025-02-15,14,4,Man Utd,2.8
2025-02-22,14,3,Man Utd,3.2
2025-02-26,14,2,Man Utd,3.6
2025-03-08,14,5,Man Utd,3
2025-03-15,14,2,Man Utd,3
2025-04-01,14,2,Man Utd,3
2025-04-05,14,5,Man Utd,2.4
2025-04-12,14,4,Man Utd,2.4
2025-04-19,14,2,Man Utd,2.6
2025-04-26,14,2,Man Utd,2.75
2025-05-03,14,2,Man Utd,3
2025-05-10,14,2,Man Utd,3.5
2025-05-18,14,4,Man Utd,3
2025-05-25,14,3,Man Utd,3
2024-08-17,15,2,Newcastle,3
2024-08-25,15,2,Newcastle,3.2
2024-09-01,15,3,Newcastle,3
2024-09-15,15,2,Newcastle,3.4
2024-09-21,15,3,Newcastle,3.8
2024-09-28,15,5,Newcastle,3.2
2024-10-05,15,3,Newcastle,3
2024-10-19,15,2,Newcastle,3.2
2024-10-26,15,4,Newcastle,3.2
2024-11-02,15,5,Newcastle,2.6
2024-11-09,15,2,Newcastle,2.6
2024-11-23,15,2,Newcastle,2.6
2024-11-30,15,3,Newcastle,2.6
2024-12-04,15,4,Newcastle,2.4
2024-12-07,15,2,Newcastle,2.8
2024-12-14,15,2,Newcastle,2.8
2024-12-21,15,2,Newcastle,2.8
2024-12-26,15,3,Newcastle,2.6
2024-12-29,15,3,Newcastle,2.4
2025-01-04,15,4,Newcastle,2.6
2025-01-15,15,2,Newcastle,2.6
2025-01-18,15,2,Newcastle,3.2
2025-01-25,15,2,Newcastle,3.2
2025-02-01,15,2,Newcastle,3.2
2025-02-15,15,5,Newcastle,2.6
2025-02-22,15,2,Newcastle,2.6
2025-02-26,15,5,Newcastle,2.2
2025-03-08,15,2,Newcastle,2.6
2025-03-15,15,2,Newcastle,2.6
2025-04-02,15,2,Newcastle,2.6
2025-04-05,15,2,Newcastle,2.8
2025-04-12,15,3,Newcastle,3.2
2025-04-19,15,4,Newcastle,2.8
2025-04-26,15,2,Newcastle,3
2025-05-03,15,2,Newcastle,3.3333333333333335
2025-05-10,15,3,Newcastle,3.5
2025-05-18,15,5,Newcastle,2
2025-05-25,15,2,Newcastle,2
2024-08-17,16,2,Nott'm Forest,2.6
2024-08-24,16,2,Nott'm Forest,3
2024-08-31,16,2,Nott'm Forest,3
2024-09-14,16,5,Nott'm Forest,2.4
2024-09-22,16,2,Nott'm Forest,2.4
2024-09-28,16,2,Nott'm Forest,2.6
2024-10-05,16,4,Nott'm Forest,2.8
2024-10-19,16,2,Nott'm Forest,2.8
2024-10-26,16,2,Nott'm Forest,3.4
2024-11-02,16,2,Nott'm Forest,3.6
2024-11-09,16,3,Nott'm Forest,3.6
2024-11-23,16,5,Nott'm Forest,3
2024-11-30,16,2,Nott'm Forest,3.2
2024-12-04,16,5,Nott'm Forest,2.8
2024-12-07,16,3,Nott'm Forest,2.6
2024-12-14,16,3,Nott'm Forest,2.8
2024-12-21,16,2,Nott'm Forest,2.8
2024-12-26,16,3,Nott'm Forest,2.6
2024-12-29,16,3,Nott'm Forest,2.4
2025-01-04,16,2,Nott'm Forest,2.6
2025-01-14,16,4,Nott'm Forest,2.6
2025-01-18,16,2,Nott'm Forest,3.2
2025-01-25,16,2,Nott'm Forest,3.8
2025-02-01,16,2,Nott'm Forest,3.8
2025-02-15,16,3,Nott'm Forest,3.8
2025-02-22,16,4,Nott'm Forest,3.8
2025-02-25,16,5,Nott'm Forest,3.2
2025-03-08,16,5,Nott'm Forest,3
2025-03-15,16,2,Nott'm Forest,3
2025-04-01,16,3,Nott'm Forest,3
2025-04-05,16,4,Nott'm Forest,2.6
2025-04-12,16,2,Nott'm Forest,2.6
2025-04-19,16,4,Nott'm Forest,2.4
2025-04-26,16,2,Nott'm Forest,2.5
2025-05-03,16,3,Nott'm Forest,2.3333333333333335
2025-05-10,16,2,Nott'm Forest,2.5
2025-05-18,16,2,Nott'm Forest,3
2025-05-25,16,3,Nott'm Forest,3
2024-08-17,17,4,Southampton,2.2
2024-08-24,17,2,Southampton,2.8
2024-08-31,17,2,Southampton,2.8
2024-09-14,17,3,Southampton,3.2
2024-09-21,17,2,Southampton,3.2
2024-09-30,17,2,Southampton,3.2
2024-10-05,17,5,Southampton,3
2024-10-19,17,2,Southampton,3
2024-10-26,17,5,Southampton,2.6
2024-11-02,17,2,Southampton,3
2024-11-09,17,2,Southampton,3.2
2024-11-23,17,4,Southampton,3
2024-11-30,17,2,Southampton,3
2024-12-04,17,3,Southampton,3
2024-12-07,17,4,Southampton,2.6
2024-12-14,17,3,Southampton,2.6
2024-12-21,17,3,Southampton,2.4
2024-12-26,17,2,Southampton,2.6
2024-12-29,17,3,Southampton,2.4
2025-01-04,17,2,Southampton,2.4
2025-01-15,17,3,Southampton,2.2
2025-01-18,17,2,Southampton,2.6
2025-01-25,17,3,Southampton,3
2025-02-01,17,2,Southampton,3
2025-02-15,17,2,Southampton,3
2025-02-22,17,2,Southampton,3.4
2025-02-26,17,4,Southampton,3.2
2025-03-08,17,5,Southampton,2.6
2025-03-15,17,2,Southampton,2.6
2025-04-02,17,2,Southampton,2.6
2025-04-05,17,4,Southampton,2.8
2025-04-12,17,3,Southampton,2.8
2025-04-19,17,2,Southampton,3.4
2025-04-26,17,2,Southampton,3.75
2025-05-03,17,2,Southampton,4.333333333333333
2025-05-10,17,5,Southampton,4
2025-05-18,17,3,Southampton,5
2025-05-25,17,5,Southampton,5
2024-08-19,18,2,Spurs,3.2
2024-08-24,18,2,Spurs,3.2
2024-09-01,18,4,Spurs,2.8
2024-09-15,18,5,Spurs,2.4
2024-09-21,18,2,Spurs,2.6
2024-09-29,18,3,Spurs,2.4
2024-10-05,18,2,Spurs,3
2024-10-19,18,2,Spurs,3
2024-10-26,18,3,Spurs,2.8
2024-11-02,18,3,Spurs,2.8
2024-11-09,18,2,Spurs,2.8
2024-11-23,18,5,Spurs,2.6
2024-11-30,18,2,Spurs,2.6
2024-12-03,18,2,Spurs,2.6
2024-12-07,18,3,Spurs,2.6
2024-12-14,18,2,Spurs,3.2
2024-12-21,18,4,Spurs,3
2024-12-26,18,2,Spurs,3
2024-12-29,18,2,Spurs,3
2025-01-04,18,3,Spurs,3
2025-01-14,18,5,Spurs,2.4
2025-01-18,18,3,Spurs,2.8
2025-01-25,18,2,Spurs,2.8
2025-02-01,18,2,Spurs,3
2025-02-15,18,3,Spurs,3.2
2025-02-22,18,2,Spurs,3.2
2025-02-25,18,5,Spurs,2.6
2025-03-08,18,2,Spurs,2.6
2025-03-15,18,3,Spurs,3
2025-04-02,18,4,Spurs,2.6
2025-04-05,18,2,Spurs,2.6
2025-04-12,18,2,Spurs,3
2025-04-19,18,2,Spurs,3
2025-04-26,18,5,Spurs,2.5
2025-05-03,18,2,Spurs,2.6666666666666665
2025-05-10,18,2,Spurs,3
2025-05-18,18,4,Spurs,2
2025-05-25,18,2,Spurs,2
2024-08-17,19,3,West Ham,3.2
2024-08-24,19,3,West Ham,3
2024-08-31,19,5,West Ham,2.8
2024-09-14,19,3,West Ham,2.8
2024-09-21,19,3,West Ham,2.6
2024-09-28,19,2,West Ham,2.6
2024-10-05,19,2,West Ham,3
2024-10-19,19,4,West Ham,3.2
2024-10-26,19,3,West Ham,3
2024-11-02,19,2,West Ham,3
2024-11-09,19,2,West Ham,3
2024-11-23,19,4,West Ham,2.6
2024-11-30,19,5,West Ham,2
2024-12-03,19,2,West Ham,2.4
2024-12-07,19,2,West Ham,3
2024-12-14,19,2,West Ham,3
2024-12-21,19,2,West Ham,3
2024-12-26,19,2,West Ham,3.4
2024-12-29,19,4,West Ham,3.4
2025-01-04,19,5,West Ham,2.8
2025-01-14,19,2,West Ham,3.4
2025-01-18,19,2,West Ham,3.4
2025-01-25,19,4,West Ham,3.2
2025-02-01,19,4,West Ham,3
2025-02-15,19,2,West Ham,3
2025-02-22,19,5,West Ham,2.4
2025-02-25,19,2,West Ham,3
2025-03-08,19,3,West Ham,2.8
2025-03-15,19,3,West Ham,2.6
2025-04-01,19,2,West Ham,2.8
2025-04-05,19,2,West Ham,3
2025-04-12,19,5,West Ham,2.4
2025-04-19,19,2,West Ham,2.4
2025-04-26,19,2,West Ham,2.5
2025-05-03,19,3,West Ham,2.3333333333333335
2025-05-10,19,3,West Ham,2
2025-05-18,19,2,West Ham,2
2025-05-25,19,2,West Ham,2
2024-08-17,20,5,Wolves,3.2
2024-08-25,20,3,Wolves,3
2024-08-31,20,2,Wolves,3.6
2024-09-15,20,3,Wolves,3.4
2024-09-21,20,4,Wolves,3
2024-09-28,20,4,Wolves,2.6
2024-10-05,20,2,Wolves,2.8
2024-10-19,20,5,Wolves,2.2
2024-10-26,20,2,Wolves,2.4
2024-11-02,20,2,Wolves,2.4
2024-11-09,20,2,Wolves,2.4
2024-11-23,20,3,Wolves,2.2
2024-11-30,20,2,Wolves,2.4
2024-12-03,20,3,Wolves,2.6
2024-12-07,20,2,Wolves,2.6
2024-12-14,20,2,Wolves,3
2024-12-21,20,2,Wolves,3.4
2024-12-26,20,3,Wolves,3.8
2024-12-29,20,4,Wolves,3.6
2025-01-04,20,2,Wolves,4.2
2025-01-15,20,4,Wolves,3.8
2025-01-18,20,4,Wolves,3.4
2025-01-25,20,5,Wolves,2.8
2025-02-01,20,3,Wolves,2.6
2025-02-15,20,5,Wolves,2
2025-02-22,20,2,Wolves,2
2025-02-25,20,2,Wolves,2.2
2025-03-08,20,2,Wolves,2.4
2025-03-15,20,2,Wolves,2.4
2025-04-01,20,2,Wolves,3
2025-04-05,20,2,Wolves,3
2025-04-12,20,3,Wolves,3
2025-04-19,20,3,Wolves,2.8
2025-04-26,20,2,Wolves,3
2025-05-03,20,5,Wolves,2.3333333333333335
2025-05-10,20,2,Wolves,2.5
2025-05-18,20,3,Wolves,2
2025-05-25,20,2,Wolves,2
